region_id,estimation_id,name,time
605,0,memory,4.811818181818181e-06
302,0,memory,6.418181818181818e-05
5,0,memory,0.2519654254545455
